date,unitname,id_sim,variant,case_type,value,date_intro,lag,params_1,params_2,parval_1,parval_2,fig,lag_median,value_median
2021-09-26,ZA,1,Omicron BA.1,Community,1.055570225142836,2021-09-21,5,Traveler weight,Travel hubs,0.01,Max,fig_3g,11,1.1174
2021-10-05,ZA,10,Omicron BA.1,Community,1.1117421106710335,2021-09-21,14,Traveler weight,Travel hubs,0.01,Max,fig_3g,11,1.1174
2021-10-05,ZA,100,Omicron BA.1,Community,1.0125908041189575,2021-09-21,14,Traveler weight,Travel hubs,0.01,Max,fig_3g,11,1.1174
2021-09-29,ZA,101,Omicron BA.1,Community,1.013255799831147,2021-09-21,8,Traveler weight,Travel hubs,0.01,Max,fig_3g,11,1.1174
2021-10-01,ZA,102,Omicron BA.1,Community,2.028117018801198,2021-09-21,10,Traveler weight,Travel hubs,0.01,Max,fig_3g,11,1.1174
2021-10-05,ZA,103,Omicron BA.1,Community,1.513469484994291,2021-09-21,14,Traveler weight,Travel hubs,0.01,Max,fig_3g,11,1.1174
2021-10-05,ZA,104,Omicron BA.1,Community,1.1963371668852512,2021-09-21,14,Traveler weight,Travel hubs,0.01,Max,fig_3g,11,1.1174
2021-10-07,ZA,105,Omicron BA.1,Community,1.267745737996881,2021-09-21,16,Traveler weight,Travel hubs,0.01,Max,fig_3g,11,1.1174
2021-10-05,ZA,106,Omicron BA.1,Community,1.1810459394241424,2021-09-21,14,Traveler weight,Travel hubs,0.01,Max,fig_3g,11,1.1174
2021-10-02,ZA,107,Omicron BA.1,Community,1.1897410437545328,2021-09-21,11,Traveler weight,Travel hubs,0.01,Max,fig_3g,11,1.1174
2021-10-01,ZA,108,Omicron BA.1,Community,1.2414632614435877,2021-09-21,10,Traveler weight,Travel hubs,0.01,Max,fig_3g,11,1.1174
2021-10-07,ZA,109,Omicron BA.1,Community,1.5515487912478674,2021-09-21,16,Traveler weight,Travel hubs,0.01,Max,fig_3g,11,1.1174
2021-10-03,ZA,11,Omicron BA.1,Community,1.0711260030249505,2021-09-21,12,Traveler weight,Travel hubs,0.01,Max,fig_3g,11,1.1174
2021-10-07,ZA,110,Omicron BA.1,Community,1.3382533397239265,2021-09-21,16,Traveler weight,Travel hubs,0.01,Max,fig_3g,11,1.1174
2021-10-01,ZA,111,Omicron BA.1,Community,1.622477790687929,2021-09-21,10,Traveler weight,Travel hubs,0.01,Max,fig_3g,11,1.1174
2021-10-02,ZA,112,Omicron BA.1,Community,1.0499074976601734,2021-09-21,11,Traveler weight,Travel hubs,0.01,Max,fig_3g,11,1.1174
2021-10-13,ZA,113,Omicron BA.1,Community,1.100141452139049,2021-09-21,22,Traveler weight,Travel hubs,0.01,Max,fig_3g,11,1.1174
2021-09-27,ZA,114,Omicron BA.1,Community,1.0707319665056467,2021-09-21,6,Traveler weight,Travel hubs,0.01,Max,fig_3g,11,1.1174
2021-10-03,ZA,115,Omicron BA.1,Community,1.0130815577464038,2021-09-21,12,Traveler weight,Travel hubs,0.01,Max,fig_3g,11,1.1174
2021-09-26,ZA,116,Omicron BA.1,Community,1.126742848188942,2021-09-21,5,Traveler weight,Travel hubs,0.01,Max,fig_3g,11,1.1174
2021-10-01,ZA,117,Omicron BA.1,Community,1.3480080326878454,2021-09-21,10,Traveler weight,Travel hubs,0.01,Max,fig_3g,11,1.1174
2021-10-05,ZA,118,Omicron BA.1,Community,1.4558666236782172,2021-09-21,14,Traveler weight,Travel hubs,0.01,Max,fig_3g,11,1.1174
2021-10-02,ZA,119,Omicron BA.1,Community,1.1190174708824638,2021-09-21,11,Traveler weight,Travel hubs,0.01,Max,fig_3g,11,1.1174
2021-10-05,ZA,12,Omicron BA.1,Community,1.1424080338374454,2021-09-21,14,Traveler weight,Travel hubs,0.01,Max,fig_3g,11,1.1174
2021-09-30,ZA,120,Omicron BA.1,Community,1.1155596976289808,2021-09-21,9,Traveler weight,Travel hubs,0.01,Max,fig_3g,11,1.1174
2021-10-01,ZA,121,Omicron BA.1,Community,1.0565466572519837,2021-09-21,10,Traveler weight,Travel hubs,0.01,Max,fig_3g,11,1.1174
2021-10-02,ZA,122,Omicron BA.1,Community,1.056458248888674,2021-09-21,11,Traveler weight,Travel hubs,0.01,Max,fig_3g,11,1.1174
2021-10-01,ZA,123,Omicron BA.1,Community,1.1630783458585339,2021-09-21,10,Traveler weight,Travel hubs,0.01,Max,fig_3g,11,1.1174
2021-10-03,ZA,124,Omicron BA.1,Community,1.1402503159422237,2021-09-21,12,Traveler weight,Travel hubs,0.01,Max,fig_3g,11,1.1174
2021-09-26,ZA,125,Omicron BA.1,Community,1.0300480437774444,2021-09-21,5,Traveler weight,Travel hubs,0.01,Max,fig_3g,11,1.1174
2021-10-01,ZA,126,Omicron BA.1,Community,1.0804766463759041,2021-09-21,10,Traveler weight,Travel hubs,0.01,Max,fig_3g,11,1.1174
2021-10-01,ZA,127,Omicron BA.1,Community,1.0105686922745598,2021-09-21,10,Traveler weight,Travel hubs,0.01,Max,fig_3g,11,1.1174
2021-09-30,ZA,128,Omicron BA.1,Community,1.1124345855638618,2021-09-21,9,Traveler weight,Travel hubs,0.01,Max,fig_3g,11,1.1174
2021-09-29,ZA,129,Omicron BA.1,Community,1.1890135319581814,2021-09-21,8,Traveler weight,Travel hubs,0.01,Max,fig_3g,11,1.1174
2021-10-07,ZA,13,Omicron BA.1,Community,1.4975278951001076,2021-09-21,16,Traveler weight,Travel hubs,0.01,Max,fig_3g,11,1.1174
2021-10-06,ZA,130,Omicron BA.1,Community,1.1211850051526715,2021-09-21,15,Traveler weight,Travel hubs,0.01,Max,fig_3g,11,1.1174
2021-10-01,ZA,131,Omicron BA.1,Community,1.0369008331304759,2021-09-21,10,Traveler weight,Travel hubs,0.01,Max,fig_3g,11,1.1174
2021-10-02,ZA,132,Omicron BA.1,Community,1.034196293574602,2021-09-21,11,Traveler weight,Travel hubs,0.01,Max,fig_3g,11,1.1174
2021-10-08,ZA,133,Omicron BA.1,Community,1.1504337311475725,2021-09-21,17,Traveler weight,Travel hubs,0.01,Max,fig_3g,11,1.1174
2021-10-05,ZA,134,Omicron BA.1,Community,1.0717258536497327,2021-09-21,14,Traveler weight,Travel hubs,0.01,Max,fig_3g,11,1.1174
2021-09-29,ZA,135,Omicron BA.1,Community,1.2892277774738594,2021-09-21,8,Traveler weight,Travel hubs,0.01,Max,fig_3g,11,1.1174
2021-10-07,ZA,136,Omicron BA.1,Community,1.4349503757266642,2021-09-21,16,Traveler weight,Travel hubs,0.01,Max,fig_3g,11,1.1174
2021-10-01,ZA,137,Omicron BA.1,Community,1.117164423006001,2021-09-21,10,Traveler weight,Travel hubs,0.01,Max,fig_3g,11,1.1174
2021-10-06,ZA,138,Omicron BA.1,Community,1.0245062601066894,2021-09-21,15,Traveler weight,Travel hubs,0.01,Max,fig_3g,11,1.1174
2021-10-05,ZA,139,Omicron BA.1,Community,1.0052651730760425,2021-09-21,14,Traveler weight,Travel hubs,0.01,Max,fig_3g,11,1.1174
2021-09-29,ZA,14,Omicron BA.1,Community,1.1153356725074846,2021-09-21,8,Traveler weight,Travel hubs,0.01,Max,fig_3g,11,1.1174
2021-10-07,ZA,140,Omicron BA.1,Community,1.249638251177878,2021-09-21,16,Traveler weight,Travel hubs,0.01,Max,fig_3g,11,1.1174
2021-10-05,ZA,141,Omicron BA.1,Community,1.0079377798065352,2021-09-21,14,Traveler weight,Travel hubs,0.01,Max,fig_3g,11,1.1174
2021-10-01,ZA,142,Omicron BA.1,Community,1.0815452960642706,2021-09-21,10,Traveler weight,Travel hubs,0.01,Max,fig_3g,11,1.1174
2021-10-01,ZA,143,Omicron BA.1,Community,1.1435446683516133,2021-09-21,10,Traveler weight,Travel hubs,0.01,Max,fig_3g,11,1.1174
2021-09-30,ZA,144,Omicron BA.1,Community,1.0049904981965145,2021-09-21,9,Traveler weight,Travel hubs,0.01,Max,fig_3g,11,1.1174
2021-09-30,ZA,145,Omicron BA.1,Community,1.2939926603412748,2021-09-21,9,Traveler weight,Travel hubs,0.01,Max,fig_3g,11,1.1174
2021-09-30,ZA,146,Omicron BA.1,Community,1.0132883492995608,2021-09-21,9,Traveler weight,Travel hubs,0.01,Max,fig_3g,11,1.1174
2021-10-01,ZA,147,Omicron BA.1,Community,1.0616335485423456,2021-09-21,10,Traveler weight,Travel hubs,0.01,Max,fig_3g,11,1.1174
2021-10-01,ZA,148,Omicron BA.1,Community,1.3669824645569975,2021-09-21,10,Traveler weight,Travel hubs,0.01,Max,fig_3g,11,1.1174
2021-10-07,ZA,149,Omicron BA.1,Community,1.208155239785124,2021-09-21,16,Traveler weight,Travel hubs,0.01,Max,fig_3g,11,1.1174
2021-10-08,ZA,15,Omicron BA.1,Community,1.2313562345074847,2021-09-21,17,Traveler weight,Travel hubs,0.01,Max,fig_3g,11,1.1174
2021-09-26,ZA,150,Omicron BA.1,Community,1.0704846347703123,2021-09-21,5,Traveler weight,Travel hubs,0.01,Max,fig_3g,11,1.1174
2021-10-09,ZA,151,Omicron BA.1,Community,1.1308267929256424,2021-09-21,18,Traveler weight,Travel hubs,0.01,Max,fig_3g,11,1.1174
2021-09-29,ZA,152,Omicron BA.1,Community,1.1004913123439521,2021-09-21,8,Traveler weight,Travel hubs,0.01,Max,fig_3g,11,1.1174
2021-09-27,ZA,153,Omicron BA.1,Community,1.0172725334676427,2021-09-21,6,Traveler weight,Travel hubs,0.01,Max,fig_3g,11,1.1174
2021-10-02,ZA,154,Omicron BA.1,Community,1.087855473086275,2021-09-21,11,Traveler weight,Travel hubs,0.01,Max,fig_3g,11,1.1174
2021-09-29,ZA,155,Omicron BA.1,Community,1.044518962774677,2021-09-21,8,Traveler weight,Travel hubs,0.01,Max,fig_3g,11,1.1174
2021-10-01,ZA,156,Omicron BA.1,Community,1.7381761785302257,2021-09-21,10,Traveler weight,Travel hubs,0.01,Max,fig_3g,11,1.1174
2021-09-30,ZA,157,Omicron BA.1,Community,1.2264502200904812,2021-09-21,9,Traveler weight,Travel hubs,0.01,Max,fig_3g,11,1.1174
2021-09-29,ZA,158,Omicron BA.1,Community,1.0086813735590774,2021-09-21,8,Traveler weight,Travel hubs,0.01,Max,fig_3g,11,1.1174
2021-10-01,ZA,159,Omicron BA.1,Community,1.7407952794550479,2021-09-21,10,Traveler weight,Travel hubs,0.01,Max,fig_3g,11,1.1174
2021-10-08,ZA,16,Omicron BA.1,Community,1.0495004303866948,2021-09-21,17,Traveler weight,Travel hubs,0.01,Max,fig_3g,11,1.1174
2021-09-29,ZA,160,Omicron BA.1,Community,1.0213862383073595,2021-09-21,8,Traveler weight,Travel hubs,0.01,Max,fig_3g,11,1.1174
2021-10-01,ZA,161,Omicron BA.1,Community,1.1094159786432327,2021-09-21,10,Traveler weight,Travel hubs,0.01,Max,fig_3g,11,1.1174
2021-10-07,ZA,162,Omicron BA.1,Community,1.7825398036576496,2021-09-21,16,Traveler weight,Travel hubs,0.01,Max,fig_3g,11,1.1174
2021-10-05,ZA,163,Omicron BA.1,Community,1.4139611653452777,2021-09-21,14,Traveler weight,Travel hubs,0.01,Max,fig_3g,11,1.1174
2021-10-08,ZA,164,Omicron BA.1,Community,1.046306074986021,2021-09-21,17,Traveler weight,Travel hubs,0.01,Max,fig_3g,11,1.1174
2021-10-01,ZA,165,Omicron BA.1,Community,1.3406333204244343,2021-09-21,10,Traveler weight,Travel hubs,0.01,Max,fig_3g,11,1.1174
2021-10-01,ZA,166,Omicron BA.1,Community,1.038812152687825,2021-09-21,10,Traveler weight,Travel hubs,0.01,Max,fig_3g,11,1.1174
2021-10-07,ZA,167,Omicron BA.1,Community,1.4010840233446555,2021-09-21,16,Traveler weight,Travel hubs,0.01,Max,fig_3g,11,1.1174
2021-09-27,ZA,168,Omicron BA.1,Community,1.0586369261876343,2021-09-21,6,Traveler weight,Travel hubs,0.01,Max,fig_3g,11,1.1174
2021-10-02,ZA,169,Omicron BA.1,Community,1.0656964230104435,2021-09-21,11,Traveler weight,Travel hubs,0.01,Max,fig_3g,11,1.1174
2021-09-30,ZA,17,Omicron BA.1,Community,1.2179294596116315,2021-09-21,9,Traveler weight,Travel hubs,0.01,Max,fig_3g,11,1.1174
2021-09-30,ZA,170,Omicron BA.1,Community,1.1369504876391123,2021-09-21,9,Traveler weight,Travel hubs,0.01,Max,fig_3g,11,1.1174
2021-09-29,ZA,171,Omicron BA.1,Community,1.0005024281731028,2021-09-21,8,Traveler weight,Travel hubs,0.01,Max,fig_3g,11,1.1174
2021-09-26,ZA,172,Omicron BA.1,Community,1.1750822059358783,2021-09-21,5,Traveler weight,Travel hubs,0.01,Max,fig_3g,11,1.1174
2021-09-29,ZA,173,Omicron BA.1,Community,1.0252402032911236,2021-09-21,8,Traveler weight,Travel hubs,0.01,Max,fig_3g,11,1.1174
2021-10-02,ZA,174,Omicron BA.1,Community,1.1413766239455427,2021-09-21,11,Traveler weight,Travel hubs,0.01,Max,fig_3g,11,1.1174
2021-10-01,ZA,175,Omicron BA.1,Community,1.021750544811922,2021-09-21,10,Traveler weight,Travel hubs,0.01,Max,fig_3g,11,1.1174
2021-09-27,ZA,176,Omicron BA.1,Community,1.1060143839218424,2021-09-21,6,Traveler weight,Travel hubs,0.01,Max,fig_3g,11,1.1174
2021-10-05,ZA,177,Omicron BA.1,Community,1.3618828134283638,2021-09-21,14,Traveler weight,Travel hubs,0.01,Max,fig_3g,11,1.1174
2021-10-07,ZA,178,Omicron BA.1,Community,1.185690358201392,2021-09-21,16,Traveler weight,Travel hubs,0.01,Max,fig_3g,11,1.1174
2021-09-29,ZA,179,Omicron BA.1,Community,1.0236701294726092,2021-09-21,8,Traveler weight,Travel hubs,0.01,Max,fig_3g,11,1.1174
2021-10-01,ZA,18,Omicron BA.1,Community,1.0173423553842396,2021-09-21,10,Traveler weight,Travel hubs,0.01,Max,fig_3g,11,1.1174
2021-10-07,ZA,180,Omicron BA.1,Community,1.3154437592659272,2021-09-21,16,Traveler weight,Travel hubs,0.01,Max,fig_3g,11,1.1174
2021-10-01,ZA,181,Omicron BA.1,Community,1.0838921321419792,2021-09-21,10,Traveler weight,Travel hubs,0.01,Max,fig_3g,11,1.1174
2021-10-02,ZA,182,Omicron BA.1,Community,1.061496471931612,2021-09-21,11,Traveler weight,Travel hubs,0.01,Max,fig_3g,11,1.1174
2021-10-07,ZA,183,Omicron BA.1,Community,1.327863378776086,2021-09-21,16,Traveler weight,Travel hubs,0.01,Max,fig_3g,11,1.1174
2021-10-08,ZA,184,Omicron BA.1,Community,1.0815399765773022,2021-09-21,17,Traveler weight,Travel hubs,0.01,Max,fig_3g,11,1.1174
2021-09-30,ZA,185,Omicron BA.1,Community,1.312098344776538,2021-09-21,9,Traveler weight,Travel hubs,0.01,Max,fig_3g,11,1.1174
2021-09-27,ZA,186,Omicron BA.1,Community,1.1211815679483352,2021-09-21,6,Traveler weight,Travel hubs,0.01,Max,fig_3g,11,1.1174
2021-10-03,ZA,187,Omicron BA.1,Community,1.026250942499078,2021-09-21,12,Traveler weight,Travel hubs,0.01,Max,fig_3g,11,1.1174
2021-09-26,ZA,188,Omicron BA.1,Community,1.1200423285338985,2021-09-21,5,Traveler weight,Travel hubs,0.01,Max,fig_3g,11,1.1174
2021-10-02,ZA,189,Omicron BA.1,Community,1.0926228639748967,2021-09-21,11,Traveler weight,Travel hubs,0.01,Max,fig_3g,11,1.1174
2021-10-07,ZA,19,Omicron BA.1,Community,1.5204797886668906,2021-09-21,16,Traveler weight,Travel hubs,0.01,Max,fig_3g,11,1.1174
2021-10-01,ZA,190,Omicron BA.1,Community,1.0528506276325837,2021-09-21,10,Traveler weight,Travel hubs,0.01,Max,fig_3g,11,1.1174
2021-10-01,ZA,191,Omicron BA.1,Community,1.1154316097465302,2021-09-21,10,Traveler weight,Travel hubs,0.01,Max,fig_3g,11,1.1174
2021-09-29,ZA,192,Omicron BA.1,Community,1.127386124548699,2021-09-21,8,Traveler weight,Travel hubs,0.01,Max,fig_3g,11,1.1174
2021-10-05,ZA,193,Omicron BA.1,Community,1.2124367307187158,2021-09-21,14,Traveler weight,Travel hubs,0.01,Max,fig_3g,11,1.1174
2021-10-03,ZA,194,Omicron BA.1,Community,1.049066240729073,2021-09-21,12,Traveler weight,Travel hubs,0.01,Max,fig_3g,11,1.1174
2021-10-07,ZA,195,Omicron BA.1,Community,1.4973503972221442,2021-09-21,16,Traveler weight,Travel hubs,0.01,Max,fig_3g,11,1.1174
2021-10-05,ZA,196,Omicron BA.1,Community,1.0539227392615804,2021-09-21,14,Traveler weight,Travel hubs,0.01,Max,fig_3g,11,1.1174
2021-10-05,ZA,197,Omicron BA.1,Community,1.0796439238800635,2021-09-21,14,Traveler weight,Travel hubs,0.01,Max,fig_3g,11,1.1174
2021-09-29,ZA,198,Omicron BA.1,Community,1.3289321710566167,2021-09-21,8,Traveler weight,Travel hubs,0.01,Max,fig_3g,11,1.1174
2021-10-06,ZA,199,Omicron BA.1,Community,1.0547997509560627,2021-09-21,15,Traveler weight,Travel hubs,0.01,Max,fig_3g,11,1.1174
2021-09-30,ZA,2,Omicron BA.1,Community,1.2675684654707398,2021-09-21,9,Traveler weight,Travel hubs,0.01,Max,fig_3g,11,1.1174
2021-10-01,ZA,20,Omicron BA.1,Community,1.116595460971103,2021-09-21,10,Traveler weight,Travel hubs,0.01,Max,fig_3g,11,1.1174
2021-10-02,ZA,200,Omicron BA.1,Community,1.0201062551389593,2021-09-21,11,Traveler weight,Travel hubs,0.01,Max,fig_3g,11,1.1174
2021-10-05,ZA,201,Omicron BA.1,Community,1.3541626411699967,2021-09-21,14,Traveler weight,Travel hubs,0.01,Max,fig_3g,11,1.1174
2021-10-05,ZA,202,Omicron BA.1,Community,1.009770989582001,2021-09-21,14,Traveler weight,Travel hubs,0.01,Max,fig_3g,11,1.1174
2021-10-08,ZA,203,Omicron BA.1,Community,1.0891091218714997,2021-09-21,17,Traveler weight,Travel hubs,0.01,Max,fig_3g,11,1.1174
2021-10-05,ZA,204,Omicron BA.1,Community,1.1588984079005347,2021-09-21,14,Traveler weight,Travel hubs,0.01,Max,fig_3g,11,1.1174
2021-10-06,ZA,205,Omicron BA.1,Community,1.0766376155530937,2021-09-21,15,Traveler weight,Travel hubs,0.01,Max,fig_3g,11,1.1174
2021-10-07,ZA,206,Omicron BA.1,Community,1.2754459427648703,2021-09-21,16,Traveler weight,Travel hubs,0.01,Max,fig_3g,11,1.1174
2021-10-01,ZA,207,Omicron BA.1,Community,1.1652898703392194,2021-09-21,10,Traveler weight,Travel hubs,0.01,Max,fig_3g,11,1.1174
2021-10-01,ZA,208,Omicron BA.1,Community,1.1801941322921485,2021-09-21,10,Traveler weight,Travel hubs,0.01,Max,fig_3g,11,1.1174
2021-10-05,ZA,209,Omicron BA.1,Community,1.500194370951003,2021-09-21,14,Traveler weight,Travel hubs,0.01,Max,fig_3g,11,1.1174
2021-09-29,ZA,21,Omicron BA.1,Community,1.0065303414539015,2021-09-21,8,Traveler weight,Travel hubs,0.01,Max,fig_3g,11,1.1174
2021-10-05,ZA,210,Omicron BA.1,Community,1.0434007270216763,2021-09-21,14,Traveler weight,Travel hubs,0.01,Max,fig_3g,11,1.1174
2021-09-30,ZA,211,Omicron BA.1,Community,1.0645030537880742,2021-09-21,9,Traveler weight,Travel hubs,0.01,Max,fig_3g,11,1.1174
2021-10-07,ZA,212,Omicron BA.1,Community,1.0100540736902759,2021-09-21,16,Traveler weight,Travel hubs,0.01,Max,fig_3g,11,1.1174
2021-10-05,ZA,213,Omicron BA.1,Community,1.2658384999093155,2021-09-21,14,Traveler weight,Travel hubs,0.01,Max,fig_3g,11,1.1174
2021-10-01,ZA,214,Omicron BA.1,Community,1.2529915222632062,2021-09-21,10,Traveler weight,Travel hubs,0.01,Max,fig_3g,11,1.1174
2021-10-05,ZA,215,Omicron BA.1,Community,1.0039841472948745,2021-09-21,14,Traveler weight,Travel hubs,0.01,Max,fig_3g,11,1.1174
2021-09-29,ZA,216,Omicron BA.1,Community,1.114026468554851,2021-09-21,8,Traveler weight,Travel hubs,0.01,Max,fig_3g,11,1.1174
2021-09-30,ZA,217,Omicron BA.1,Community,1.014841052411313,2021-09-21,9,Traveler weight,Travel hubs,0.01,Max,fig_3g,11,1.1174
2021-10-07,ZA,218,Omicron BA.1,Community,1.5341074487553632,2021-09-21,16,Traveler weight,Travel hubs,0.01,Max,fig_3g,11,1.1174
2021-10-07,ZA,219,Omicron BA.1,Community,1.2216500241776642,2021-09-21,16,Traveler weight,Travel hubs,0.01,Max,fig_3g,11,1.1174
2021-10-05,ZA,22,Omicron BA.1,Community,1.2679697997041095,2021-09-21,14,Traveler weight,Travel hubs,0.01,Max,fig_3g,11,1.1174
2021-10-07,ZA,220,Omicron BA.1,Community,1.127245439964581,2021-09-21,16,Traveler weight,Travel hubs,0.01,Max,fig_3g,11,1.1174
2021-09-30,ZA,221,Omicron BA.1,Community,1.2663894911667306,2021-09-21,9,Traveler weight,Travel hubs,0.01,Max,fig_3g,11,1.1174
2021-10-05,ZA,222,Omicron BA.1,Community,1.030880710241324,2021-09-21,14,Traveler weight,Travel hubs,0.01,Max,fig_3g,11,1.1174
2021-10-05,ZA,223,Omicron BA.1,Community,1.1062599482210076,2021-09-21,14,Traveler weight,Travel hubs,0.01,Max,fig_3g,11,1.1174
2021-10-07,ZA,224,Omicron BA.1,Community,1.2041080947983447,2021-09-21,16,Traveler weight,Travel hubs,0.01,Max,fig_3g,11,1.1174
2021-10-01,ZA,225,Omicron BA.1,Community,1.0723545698055514,2021-09-21,10,Traveler weight,Travel hubs,0.01,Max,fig_3g,11,1.1174
2021-09-27,ZA,226,Omicron BA.1,Community,1.001564596993795,2021-09-21,6,Traveler weight,Travel hubs,0.01,Max,fig_3g,11,1.1174
2021-10-01,ZA,227,Omicron BA.1,Community,1.0793705274258025,2021-09-21,10,Traveler weight,Travel hubs,0.01,Max,fig_3g,11,1.1174
2021-10-01,ZA,228,Omicron BA.1,Community,1.1324244034019657,2021-09-21,10,Traveler weight,Travel hubs,0.01,Max,fig_3g,11,1.1174
2021-10-01,ZA,229,Omicron BA.1,Community,1.2502875476569346,2021-09-21,10,Traveler weight,Travel hubs,0.01,Max,fig_3g,11,1.1174
2021-10-02,ZA,23,Omicron BA.1,Community,1.181542366534098,2021-09-21,11,Traveler weight,Travel hubs,0.01,Max,fig_3g,11,1.1174
2021-10-07,ZA,230,Omicron BA.1,Community,1.313344202931573,2021-09-21,16,Traveler weight,Travel hubs,0.01,Max,fig_3g,11,1.1174
2021-10-07,ZA,231,Omicron BA.1,Community,1.2546481952136006,2021-09-21,16,Traveler weight,Travel hubs,0.01,Max,fig_3g,11,1.1174
2021-10-01,ZA,232,Omicron BA.1,Community,1.0630385483082978,2021-09-21,10,Traveler weight,Travel hubs,0.01,Max,fig_3g,11,1.1174
2021-09-27,ZA,233,Omicron BA.1,Community,1.0588102696784896,2021-09-21,6,Traveler weight,Travel hubs,0.01,Max,fig_3g,11,1.1174
2021-10-01,ZA,234,Omicron BA.1,Community,1.2875909668598666,2021-09-21,10,Traveler weight,Travel hubs,0.01,Max,fig_3g,11,1.1174
2021-10-07,ZA,235,Omicron BA.1,Community,1.216523696055642,2021-09-21,16,Traveler weight,Travel hubs,0.01,Max,fig_3g,11,1.1174
2021-10-07,ZA,236,Omicron BA.1,Community,1.1002013819319338,2021-09-21,16,Traveler weight,Travel hubs,0.01,Max,fig_3g,11,1.1174
2021-10-01,ZA,237,Omicron BA.1,Community,1.1695120192431023,2021-09-21,10,Traveler weight,Travel hubs,0.01,Max,fig_3g,11,1.1174
2021-10-05,ZA,238,Omicron BA.1,Community,1.046271541267641,2021-09-21,14,Traveler weight,Travel hubs,0.01,Max,fig_3g,11,1.1174
2021-10-01,ZA,239,Omicron BA.1,Community,1.3730714377242554,2021-09-21,10,Traveler weight,Travel hubs,0.01,Max,fig_3g,11,1.1174
2021-10-01,ZA,24,Omicron BA.1,Community,1.3415330855266867,2021-09-21,10,Traveler weight,Travel hubs,0.01,Max,fig_3g,11,1.1174
2021-10-05,ZA,240,Omicron BA.1,Community,1.2991503877094341,2021-09-21,14,Traveler weight,Travel hubs,0.01,Max,fig_3g,11,1.1174
2021-10-07,ZA,241,Omicron BA.1,Community,1.541703906763561,2021-09-21,16,Traveler weight,Travel hubs,0.01,Max,fig_3g,11,1.1174
2021-10-02,ZA,242,Omicron BA.1,Community,1.1057658475877015,2021-09-21,11,Traveler weight,Travel hubs,0.01,Max,fig_3g,11,1.1174
2021-10-03,ZA,243,Omicron BA.1,Community,1.1247445389737933,2021-09-21,12,Traveler weight,Travel hubs,0.01,Max,fig_3g,11,1.1174
2021-09-30,ZA,244,Omicron BA.1,Community,1.0452041178286822,2021-09-21,9,Traveler weight,Travel hubs,0.01,Max,fig_3g,11,1.1174
2021-10-07,ZA,245,Omicron BA.1,Community,1.2693823161041282,2021-09-21,16,Traveler weight,Travel hubs,0.01,Max,fig_3g,11,1.1174
2021-10-01,ZA,246,Omicron BA.1,Community,1.5447940224362509,2021-09-21,10,Traveler weight,Travel hubs,0.01,Max,fig_3g,11,1.1174
2021-09-27,ZA,247,Omicron BA.1,Community,1.0661354408808268,2021-09-21,6,Traveler weight,Travel hubs,0.01,Max,fig_3g,11,1.1174
2021-09-30,ZA,248,Omicron BA.1,Community,1.0852431331137422,2021-09-21,9,Traveler weight,Travel hubs,0.01,Max,fig_3g,11,1.1174
2021-10-03,ZA,249,Omicron BA.1,Community,1.0424765008920331,2021-09-21,12,Traveler weight,Travel hubs,0.01,Max,fig_3g,11,1.1174
2021-10-01,ZA,25,Omicron BA.1,Community,1.1115962699780193,2021-09-21,10,Traveler weight,Travel hubs,0.01,Max,fig_3g,11,1.1174
2021-10-01,ZA,250,Omicron BA.1,Community,1.1194765461387466,2021-09-21,10,Traveler weight,Travel hubs,0.01,Max,fig_3g,11,1.1174
2021-10-05,ZA,251,Omicron BA.1,Community,1.1246801439347964,2021-09-21,14,Traveler weight,Travel hubs,0.01,Max,fig_3g,11,1.1174
2021-10-07,ZA,252,Omicron BA.1,Community,1.3813778923323516,2021-09-21,16,Traveler weight,Travel hubs,0.01,Max,fig_3g,11,1.1174
2021-10-05,ZA,253,Omicron BA.1,Community,1.1256991471891493,2021-09-21,14,Traveler weight,Travel hubs,0.01,Max,fig_3g,11,1.1174
2021-09-30,ZA,254,Omicron BA.1,Community,1.0509331725702749,2021-09-21,9,Traveler weight,Travel hubs,0.01,Max,fig_3g,11,1.1174
2021-09-27,ZA,255,Omicron BA.1,Community,1.0762908812136094,2021-09-21,6,Traveler weight,Travel hubs,0.01,Max,fig_3g,11,1.1174
2021-10-05,ZA,256,Omicron BA.1,Community,1.323427287513128,2021-09-21,14,Traveler weight,Travel hubs,0.01,Max,fig_3g,11,1.1174
2021-10-02,ZA,257,Omicron BA.1,Community,1.0336442198591758,2021-09-21,11,Traveler weight,Travel hubs,0.01,Max,fig_3g,11,1.1174
2021-09-29,ZA,258,Omicron BA.1,Community,1.015755169375707,2021-09-21,8,Traveler weight,Travel hubs,0.01,Max,fig_3g,11,1.1174
2021-09-26,ZA,259,Omicron BA.1,Community,1.02560936023152,2021-09-21,5,Traveler weight,Travel hubs,0.01,Max,fig_3g,11,1.1174
2021-10-05,ZA,26,Omicron BA.1,Community,1.0165558524098404,2021-09-21,14,Traveler weight,Travel hubs,0.01,Max,fig_3g,11,1.1174
2021-10-07,ZA,260,Omicron BA.1,Community,1.3681357882492335,2021-09-21,16,Traveler weight,Travel hubs,0.01,Max,fig_3g,11,1.1174
2021-10-02,ZA,261,Omicron BA.1,Community,1.0803753049494258,2021-09-21,11,Traveler weight,Travel hubs,0.01,Max,fig_3g,11,1.1174
2021-09-26,ZA,262,Omicron BA.1,Community,1.0318713731141564,2021-09-21,5,Traveler weight,Travel hubs,0.01,Max,fig_3g,11,1.1174
2021-09-27,ZA,263,Omicron BA.1,Community,1.0056338299833572,2021-09-21,6,Traveler weight,Travel hubs,0.01,Max,fig_3g,11,1.1174
2021-09-30,ZA,264,Omicron BA.1,Community,1.114729954760889,2021-09-21,9,Traveler weight,Travel hubs,0.01,Max,fig_3g,11,1.1174
2021-10-07,ZA,265,Omicron BA.1,Community,1.3269498900930385,2021-09-21,16,Traveler weight,Travel hubs,0.01,Max,fig_3g,11,1.1174
2021-10-06,ZA,266,Omicron BA.1,Community,1.067055193259745,2021-09-21,15,Traveler weight,Travel hubs,0.01,Max,fig_3g,11,1.1174
2021-10-07,ZA,267,Omicron BA.1,Community,1.3682575040227927,2021-09-21,16,Traveler weight,Travel hubs,0.01,Max,fig_3g,11,1.1174
2021-10-07,ZA,268,Omicron BA.1,Community,1.291506171395892,2021-09-21,16,Traveler weight,Travel hubs,0.01,Max,fig_3g,11,1.1174
2021-10-05,ZA,269,Omicron BA.1,Community,1.029220600615617,2021-09-21,14,Traveler weight,Travel hubs,0.01,Max,fig_3g,11,1.1174
2021-10-05,ZA,27,Omicron BA.1,Community,1.1680189103307308,2021-09-21,14,Traveler weight,Travel hubs,0.01,Max,fig_3g,11,1.1174
2021-10-05,ZA,270,Omicron BA.1,Community,1.0293891066929923,2021-09-21,14,Traveler weight,Travel hubs,0.01,Max,fig_3g,11,1.1174
2021-10-01,ZA,271,Omicron BA.1,Community,1.078079956658339,2021-09-21,10,Traveler weight,Travel hubs,0.01,Max,fig_3g,11,1.1174
2021-09-29,ZA,272,Omicron BA.1,Community,1.0839467069821613,2021-09-21,8,Traveler weight,Travel hubs,0.01,Max,fig_3g,11,1.1174
2021-10-01,ZA,273,Omicron BA.1,Community,1.003821957148933,2021-09-21,10,Traveler weight,Travel hubs,0.01,Max,fig_3g,11,1.1174
2021-10-03,ZA,274,Omicron BA.1,Community,1.034595334514346,2021-09-21,12,Traveler weight,Travel hubs,0.01,Max,fig_3g,11,1.1174
2021-10-05,ZA,275,Omicron BA.1,Community,1.0817716415910401,2021-09-21,14,Traveler weight,Travel hubs,0.01,Max,fig_3g,11,1.1174
2021-10-13,ZA,276,Omicron BA.1,Community,1.0106482383997155,2021-09-21,22,Traveler weight,Travel hubs,0.01,Max,fig_3g,11,1.1174
2021-10-08,ZA,277,Omicron BA.1,Community,1.156539685096907,2021-09-21,17,Traveler weight,Travel hubs,0.01,Max,fig_3g,11,1.1174
2021-09-30,ZA,278,Omicron BA.1,Community,1.009319133167423,2021-09-21,9,Traveler weight,Travel hubs,0.01,Max,fig_3g,11,1.1174
2021-10-01,ZA,279,Omicron BA.1,Community,1.342626283252272,2021-09-21,10,Traveler weight,Travel hubs,0.01,Max,fig_3g,11,1.1174
2021-09-29,ZA,28,Omicron BA.1,Community,1.035820785052852,2021-09-21,8,Traveler weight,Travel hubs,0.01,Max,fig_3g,11,1.1174
2021-10-05,ZA,280,Omicron BA.1,Community,1.0429193300903634,2021-09-21,14,Traveler weight,Travel hubs,0.01,Max,fig_3g,11,1.1174
2021-10-05,ZA,281,Omicron BA.1,Community,1.046415784767275,2021-09-21,14,Traveler weight,Travel hubs,0.01,Max,fig_3g,11,1.1174
2021-10-05,ZA,282,Omicron BA.1,Community,1.5885385012407027,2021-09-21,14,Traveler weight,Travel hubs,0.01,Max,fig_3g,11,1.1174
2021-09-30,ZA,283,Omicron BA.1,Community,1.0152005014629233,2021-09-21,9,Traveler weight,Travel hubs,0.01,Max,fig_3g,11,1.1174
2021-09-30,ZA,284,Omicron BA.1,Community,1.0845226062290514,2021-09-21,9,Traveler weight,Travel hubs,0.01,Max,fig_3g,11,1.1174
2021-09-26,ZA,285,Omicron BA.1,Community,1.1173164765267176,2021-09-21,5,Traveler weight,Travel hubs,0.01,Max,fig_3g,11,1.1174
2021-09-27,ZA,286,Omicron BA.1,Community,1.0014493577559551,2021-09-21,6,Traveler weight,Travel hubs,0.01,Max,fig_3g,11,1.1174
2021-10-05,ZA,287,Omicron BA.1,Community,1.7258278289028295,2021-09-21,14,Traveler weight,Travel hubs,0.01,Max,fig_3g,11,1.1174
2021-10-05,ZA,288,Omicron BA.1,Community,1.0005913670102953,2021-09-21,14,Traveler weight,Travel hubs,0.01,Max,fig_3g,11,1.1174
2021-09-30,ZA,289,Omicron BA.1,Community,1.0164742602320587,2021-09-21,9,Traveler weight,Travel hubs,0.01,Max,fig_3g,11,1.1174
2021-09-26,ZA,29,Omicron BA.1,Community,1.038616868640046,2021-09-21,5,Traveler weight,Travel hubs,0.01,Max,fig_3g,11,1.1174
2021-10-01,ZA,290,Omicron BA.1,Community,1.0628039339597484,2021-09-21,10,Traveler weight,Travel hubs,0.01,Max,fig_3g,11,1.1174
2021-10-02,ZA,291,Omicron BA.1,Community,1.209153692516043,2021-09-21,11,Traveler weight,Travel hubs,0.01,Max,fig_3g,11,1.1174
2021-09-30,ZA,292,Omicron BA.1,Community,1.0276363360729446,2021-09-21,9,Traveler weight,Travel hubs,0.01,Max,fig_3g,11,1.1174
2021-10-02,ZA,293,Omicron BA.1,Community,1.0705249759726774,2021-09-21,11,Traveler weight,Travel hubs,0.01,Max,fig_3g,11,1.1174
2021-10-07,ZA,294,Omicron BA.1,Community,1.0735343979862433,2021-09-21,16,Traveler weight,Travel hubs,0.01,Max,fig_3g,11,1.1174
2021-10-01,ZA,295,Omicron BA.1,Community,1.1075136534945704,2021-09-21,10,Traveler weight,Travel hubs,0.01,Max,fig_3g,11,1.1174
2021-10-08,ZA,296,Omicron BA.1,Community,1.1436132698703445,2021-09-21,17,Traveler weight,Travel hubs,0.01,Max,fig_3g,11,1.1174
2021-10-02,ZA,297,Omicron BA.1,Community,1.075673200393951,2021-09-21,11,Traveler weight,Travel hubs,0.01,Max,fig_3g,11,1.1174
2021-10-01,ZA,298,Omicron BA.1,Community,1.0326328089171146,2021-09-21,10,Traveler weight,Travel hubs,0.01,Max,fig_3g,11,1.1174
2021-09-30,ZA,299,Omicron BA.1,Community,1.0048842835229448,2021-09-21,9,Traveler weight,Travel hubs,0.01,Max,fig_3g,11,1.1174
2021-10-02,ZA,3,Omicron BA.1,Community,1.0813323515808473,2021-09-21,11,Traveler weight,Travel hubs,0.01,Max,fig_3g,11,1.1174
2021-10-03,ZA,30,Omicron BA.1,Community,1.0992840096467005,2021-09-21,12,Traveler weight,Travel hubs,0.01,Max,fig_3g,11,1.1174
2021-09-29,ZA,300,Omicron BA.1,Community,1.142975188679565,2021-09-21,8,Traveler weight,Travel hubs,0.01,Max,fig_3g,11,1.1174
2021-10-05,ZA,301,Omicron BA.1,Community,1.6375270204320334,2021-09-21,14,Traveler weight,Travel hubs,0.01,Max,fig_3g,11,1.1174
2021-10-05,ZA,302,Omicron BA.1,Community,1.1899158036591193,2021-09-21,14,Traveler weight,Travel hubs,0.01,Max,fig_3g,11,1.1174
2021-10-05,ZA,303,Omicron BA.1,Community,1.1608077739267644,2021-09-21,14,Traveler weight,Travel hubs,0.01,Max,fig_3g,11,1.1174
2021-10-02,ZA,304,Omicron BA.1,Community,1.0952078112948764,2021-09-21,11,Traveler weight,Travel hubs,0.01,Max,fig_3g,11,1.1174
2021-10-01,ZA,305,Omicron BA.1,Community,1.169094947030321,2021-09-21,10,Traveler weight,Travel hubs,0.01,Max,fig_3g,11,1.1174
2021-09-30,ZA,306,Omicron BA.1,Community,1.0932349224263735,2021-09-21,9,Traveler weight,Travel hubs,0.01,Max,fig_3g,11,1.1174
2021-10-03,ZA,307,Omicron BA.1,Community,1.108902006071808,2021-09-21,12,Traveler weight,Travel hubs,0.01,Max,fig_3g,11,1.1174
2021-10-02,ZA,308,Omicron BA.1,Community,1.2433335599930524,2021-09-21,11,Traveler weight,Travel hubs,0.01,Max,fig_3g,11,1.1174
2021-10-01,ZA,309,Omicron BA.1,Community,1.2742888824259537,2021-09-21,10,Traveler weight,Travel hubs,0.01,Max,fig_3g,11,1.1174
2021-10-01,ZA,31,Omicron BA.1,Community,1.166293494189236,2021-09-21,10,Traveler weight,Travel hubs,0.01,Max,fig_3g,11,1.1174
2021-10-05,ZA,310,Omicron BA.1,Community,1.0560624439589557,2021-09-21,14,Traveler weight,Travel hubs,0.01,Max,fig_3g,11,1.1174
2021-10-01,ZA,311,Omicron BA.1,Community,1.550063588303862,2021-09-21,10,Traveler weight,Travel hubs,0.01,Max,fig_3g,11,1.1174
2021-10-07,ZA,312,Omicron BA.1,Community,1.0416321832732163,2021-09-21,16,Traveler weight,Travel hubs,0.01,Max,fig_3g,11,1.1174
2021-10-02,ZA,313,Omicron BA.1,Community,1.0116505300700853,2021-09-21,11,Traveler weight,Travel hubs,0.01,Max,fig_3g,11,1.1174
2021-10-05,ZA,314,Omicron BA.1,Community,1.2214167331718495,2021-09-21,14,Traveler weight,Travel hubs,0.01,Max,fig_3g,11,1.1174
2021-10-07,ZA,315,Omicron BA.1,Community,1.2231226045851302,2021-09-21,16,Traveler weight,Travel hubs,0.01,Max,fig_3g,11,1.1174
2021-09-30,ZA,316,Omicron BA.1,Community,1.0056597994475842,2021-09-21,9,Traveler weight,Travel hubs,0.01,Max,fig_3g,11,1.1174
2021-10-07,ZA,317,Omicron BA.1,Community,1.3245436687229728,2021-09-21,16,Traveler weight,Travel hubs,0.01,Max,fig_3g,11,1.1174
2021-09-30,ZA,318,Omicron BA.1,Community,1.0695272515283176,2021-09-21,9,Traveler weight,Travel hubs,0.01,Max,fig_3g,11,1.1174
2021-10-09,ZA,319,Omicron BA.1,Community,1.1714500293956203,2021-09-21,18,Traveler weight,Travel hubs,0.01,Max,fig_3g,11,1.1174
2021-10-02,ZA,32,Omicron BA.1,Community,1.321051170192223,2021-09-21,11,Traveler weight,Travel hubs,0.01,Max,fig_3g,11,1.1174
2021-10-01,ZA,320,Omicron BA.1,Community,1.2236030058659302,2021-09-21,10,Traveler weight,Travel hubs,0.01,Max,fig_3g,11,1.1174
2021-10-05,ZA,321,Omicron BA.1,Community,1.280438654079736,2021-09-21,14,Traveler weight,Travel hubs,0.01,Max,fig_3g,11,1.1174
2021-10-01,ZA,322,Omicron BA.1,Community,1.152087330306915,2021-09-21,10,Traveler weight,Travel hubs,0.01,Max,fig_3g,11,1.1174
2021-10-02,ZA,323,Omicron BA.1,Community,1.0175607253945766,2021-09-21,11,Traveler weight,Travel hubs,0.01,Max,fig_3g,11,1.1174
2021-09-26,ZA,324,Omicron BA.1,Community,1.284924045874608,2021-09-21,5,Traveler weight,Travel hubs,0.01,Max,fig_3g,11,1.1174
2021-09-30,ZA,325,Omicron BA.1,Community,1.2456809161575788,2021-09-21,9,Traveler weight,Travel hubs,0.01,Max,fig_3g,11,1.1174
2021-09-29,ZA,326,Omicron BA.1,Community,1.0593401603741321,2021-09-21,8,Traveler weight,Travel hubs,0.01,Max,fig_3g,11,1.1174
2021-10-08,ZA,327,Omicron BA.1,Community,1.33367913894443,2021-09-21,17,Traveler weight,Travel hubs,0.01,Max,fig_3g,11,1.1174
2021-10-07,ZA,328,Omicron BA.1,Community,1.2067684221842152,2021-09-21,16,Traveler weight,Travel hubs,0.01,Max,fig_3g,11,1.1174
2021-10-08,ZA,329,Omicron BA.1,Community,1.2186698314103024,2021-09-21,17,Traveler weight,Travel hubs,0.01,Max,fig_3g,11,1.1174
2021-10-01,ZA,33,Omicron BA.1,Community,1.0077578098835722,2021-09-21,10,Traveler weight,Travel hubs,0.01,Max,fig_3g,11,1.1174
2021-10-01,ZA,330,Omicron BA.1,Community,1.1749650971427912,2021-09-21,10,Traveler weight,Travel hubs,0.01,Max,fig_3g,11,1.1174
2021-10-07,ZA,331,Omicron BA.1,Community,1.2888845359317758,2021-09-21,16,Traveler weight,Travel hubs,0.01,Max,fig_3g,11,1.1174
2021-09-29,ZA,332,Omicron BA.1,Community,1.0564432484319304,2021-09-21,8,Traveler weight,Travel hubs,0.01,Max,fig_3g,11,1.1174
2021-10-07,ZA,333,Omicron BA.1,Community,1.2273735333742877,2021-09-21,16,Traveler weight,Travel hubs,0.01,Max,fig_3g,11,1.1174
2021-10-01,ZA,334,Omicron BA.1,Community,1.1749835491057894,2021-09-21,10,Traveler weight,Travel hubs,0.01,Max,fig_3g,11,1.1174
2021-10-07,ZA,335,Omicron BA.1,Community,1.3931900834737267,2021-09-21,16,Traveler weight,Travel hubs,0.01,Max,fig_3g,11,1.1174
2021-10-07,ZA,336,Omicron BA.1,Community,1.638361132821598,2021-09-21,16,Traveler weight,Travel hubs,0.01,Max,fig_3g,11,1.1174
2021-10-07,ZA,337,Omicron BA.1,Community,1.0751082019592404,2021-09-21,16,Traveler weight,Travel hubs,0.01,Max,fig_3g,11,1.1174
2021-10-01,ZA,338,Omicron BA.1,Community,1.1855501948876253,2021-09-21,10,Traveler weight,Travel hubs,0.01,Max,fig_3g,11,1.1174
2021-10-07,ZA,339,Omicron BA.1,Community,1.6440860406376292,2021-09-21,16,Traveler weight,Travel hubs,0.01,Max,fig_3g,11,1.1174
2021-10-08,ZA,34,Omicron BA.1,Community,1.2995019287445024,2021-09-21,17,Traveler weight,Travel hubs,0.01,Max,fig_3g,11,1.1174
2021-10-01,ZA,340,Omicron BA.1,Community,1.3080191024965029,2021-09-21,10,Traveler weight,Travel hubs,0.01,Max,fig_3g,11,1.1174
2021-09-30,ZA,341,Omicron BA.1,Community,1.0966864073587723,2021-09-21,9,Traveler weight,Travel hubs,0.01,Max,fig_3g,11,1.1174
2021-10-02,ZA,342,Omicron BA.1,Community,1.0181927208887107,2021-09-21,11,Traveler weight,Travel hubs,0.01,Max,fig_3g,11,1.1174
2021-10-01,ZA,343,Omicron BA.1,Community,1.0594469105552586,2021-09-21,10,Traveler weight,Travel hubs,0.01,Max,fig_3g,11,1.1174
2021-10-07,ZA,344,Omicron BA.1,Community,1.36124282109425,2021-09-21,16,Traveler weight,Travel hubs,0.01,Max,fig_3g,11,1.1174
2021-10-09,ZA,345,Omicron BA.1,Community,1.0312180231610166,2021-09-21,18,Traveler weight,Travel hubs,0.01,Max,fig_3g,11,1.1174
2021-10-05,ZA,346,Omicron BA.1,Community,1.0704543602481305,2021-09-21,14,Traveler weight,Travel hubs,0.01,Max,fig_3g,11,1.1174
2021-09-27,ZA,347,Omicron BA.1,Community,1.3165114028621305,2021-09-21,6,Traveler weight,Travel hubs,0.01,Max,fig_3g,11,1.1174
2021-10-07,ZA,348,Omicron BA.1,Community,1.2923422896847907,2021-09-21,16,Traveler weight,Travel hubs,0.01,Max,fig_3g,11,1.1174
2021-10-01,ZA,349,Omicron BA.1,Community,1.170658033256778,2021-09-21,10,Traveler weight,Travel hubs,0.01,Max,fig_3g,11,1.1174
2021-10-01,ZA,35,Omicron BA.1,Community,1.141141918884675,2021-09-21,10,Traveler weight,Travel hubs,0.01,Max,fig_3g,11,1.1174
2021-09-26,ZA,350,Omicron BA.1,Community,1.0387508068606952,2021-09-21,5,Traveler weight,Travel hubs,0.01,Max,fig_3g,11,1.1174
2021-10-07,ZA,351,Omicron BA.1,Community,2.132327650121623,2021-09-21,16,Traveler weight,Travel hubs,0.01,Max,fig_3g,11,1.1174
2021-10-05,ZA,352,Omicron BA.1,Community,1.104630046427459,2021-09-21,14,Traveler weight,Travel hubs,0.01,Max,fig_3g,11,1.1174
2021-10-05,ZA,353,Omicron BA.1,Community,1.2414581169857921,2021-09-21,14,Traveler weight,Travel hubs,0.01,Max,fig_3g,11,1.1174
2021-10-05,ZA,354,Omicron BA.1,Community,1.0989088537670049,2021-09-21,14,Traveler weight,Travel hubs,0.01,Max,fig_3g,11,1.1174
2021-09-30,ZA,355,Omicron BA.1,Community,1.205216201814272,2021-09-21,9,Traveler weight,Travel hubs,0.01,Max,fig_3g,11,1.1174
2021-10-05,ZA,356,Omicron BA.1,Community,1.1709938211718227,2021-09-21,14,Traveler weight,Travel hubs,0.01,Max,fig_3g,11,1.1174
2021-10-01,ZA,357,Omicron BA.1,Community,1.1048080286860966,2021-09-21,10,Traveler weight,Travel hubs,0.01,Max,fig_3g,11,1.1174
2021-10-05,ZA,358,Omicron BA.1,Community,1.0856083884821364,2021-09-21,14,Traveler weight,Travel hubs,0.01,Max,fig_3g,11,1.1174
2021-10-03,ZA,359,Omicron BA.1,Community,1.0099720018865235,2021-09-21,12,Traveler weight,Travel hubs,0.01,Max,fig_3g,11,1.1174
2021-10-06,ZA,36,Omicron BA.1,Community,1.0685123685079845,2021-09-21,15,Traveler weight,Travel hubs,0.01,Max,fig_3g,11,1.1174
2021-10-01,ZA,360,Omicron BA.1,Community,1.2177105795589034,2021-09-21,10,Traveler weight,Travel hubs,0.01,Max,fig_3g,11,1.1174
2021-10-05,ZA,361,Omicron BA.1,Community,1.1170094827236332,2021-09-21,14,Traveler weight,Travel hubs,0.01,Max,fig_3g,11,1.1174
2021-09-29,ZA,362,Omicron BA.1,Community,1.113518097400666,2021-09-21,8,Traveler weight,Travel hubs,0.01,Max,fig_3g,11,1.1174
2021-10-08,ZA,363,Omicron BA.1,Community,1.155296422441057,2021-09-21,17,Traveler weight,Travel hubs,0.01,Max,fig_3g,11,1.1174
2021-10-01,ZA,364,Omicron BA.1,Community,1.1429452464155851,2021-09-21,10,Traveler weight,Travel hubs,0.01,Max,fig_3g,11,1.1174
2021-10-01,ZA,365,Omicron BA.1,Community,1.0776514405698243,2021-09-21,10,Traveler weight,Travel hubs,0.01,Max,fig_3g,11,1.1174
2021-09-30,ZA,366,Omicron BA.1,Community,1.0236465306131597,2021-09-21,9,Traveler weight,Travel hubs,0.01,Max,fig_3g,11,1.1174
2021-10-01,ZA,367,Omicron BA.1,Community,1.0795126744200603,2021-09-21,10,Traveler weight,Travel hubs,0.01,Max,fig_3g,11,1.1174
2021-09-27,ZA,368,Omicron BA.1,Community,1.140914470655573,2021-09-21,6,Traveler weight,Travel hubs,0.01,Max,fig_3g,11,1.1174
2021-10-05,ZA,369,Omicron BA.1,Community,1.0191376699937793,2021-09-21,14,Traveler weight,Travel hubs,0.01,Max,fig_3g,11,1.1174
2021-09-26,ZA,37,Omicron BA.1,Community,1.1795887266257508,2021-09-21,5,Traveler weight,Travel hubs,0.01,Max,fig_3g,11,1.1174
2021-09-26,ZA,370,Omicron BA.1,Community,1.0254287440009453,2021-09-21,5,Traveler weight,Travel hubs,0.01,Max,fig_3g,11,1.1174
2021-10-01,ZA,371,Omicron BA.1,Community,1.4005119727950286,2021-09-21,10,Traveler weight,Travel hubs,0.01,Max,fig_3g,11,1.1174
2021-10-05,ZA,372,Omicron BA.1,Community,1.2531762224756033,2021-09-21,14,Traveler weight,Travel hubs,0.01,Max,fig_3g,11,1.1174
2021-10-01,ZA,373,Omicron BA.1,Community,1.0985764817454327,2021-09-21,10,Traveler weight,Travel hubs,0.01,Max,fig_3g,11,1.1174
2021-10-01,ZA,374,Omicron BA.1,Community,1.0697974817811027,2021-09-21,10,Traveler weight,Travel hubs,0.01,Max,fig_3g,11,1.1174
2021-10-07,ZA,375,Omicron BA.1,Community,1.2849330869788176,2021-09-21,16,Traveler weight,Travel hubs,0.01,Max,fig_3g,11,1.1174
2021-10-02,ZA,376,Omicron BA.1,Community,1.036792504526759,2021-09-21,11,Traveler weight,Travel hubs,0.01,Max,fig_3g,11,1.1174
2021-10-06,ZA,377,Omicron BA.1,Community,1.2155531933114205,2021-09-21,15,Traveler weight,Travel hubs,0.01,Max,fig_3g,11,1.1174
2021-10-07,ZA,378,Omicron BA.1,Community,1.1932568066200744,2021-09-21,16,Traveler weight,Travel hubs,0.01,Max,fig_3g,11,1.1174
2021-10-05,ZA,379,Omicron BA.1,Community,1.1646451945229896,2021-09-21,14,Traveler weight,Travel hubs,0.01,Max,fig_3g,11,1.1174
2021-10-05,ZA,38,Omicron BA.1,Community,1.0793780117151857,2021-09-21,14,Traveler weight,Travel hubs,0.01,Max,fig_3g,11,1.1174
2021-10-07,ZA,380,Omicron BA.1,Community,1.0575497971297971,2021-09-21,16,Traveler weight,Travel hubs,0.01,Max,fig_3g,11,1.1174
2021-09-27,ZA,381,Omicron BA.1,Community,1.0102342255306296,2021-09-21,6,Traveler weight,Travel hubs,0.01,Max,fig_3g,11,1.1174
2021-10-06,ZA,382,Omicron BA.1,Community,1.080895536951413,2021-09-21,15,Traveler weight,Travel hubs,0.01,Max,fig_3g,11,1.1174
2021-10-07,ZA,383,Omicron BA.1,Community,1.3691508844648403,2021-09-21,16,Traveler weight,Travel hubs,0.01,Max,fig_3g,11,1.1174
2021-10-03,ZA,384,Omicron BA.1,Community,1.0211901530804586,2021-09-21,12,Traveler weight,Travel hubs,0.01,Max,fig_3g,11,1.1174
2021-10-05,ZA,385,Omicron BA.1,Community,1.2293070045237027,2021-09-21,14,Traveler weight,Travel hubs,0.01,Max,fig_3g,11,1.1174
2021-10-07,ZA,386,Omicron BA.1,Community,1.7562478791215173,2021-09-21,16,Traveler weight,Travel hubs,0.01,Max,fig_3g,11,1.1174
2021-10-02,ZA,387,Omicron BA.1,Community,1.1275911374544247,2021-09-21,11,Traveler weight,Travel hubs,0.01,Max,fig_3g,11,1.1174
2021-10-07,ZA,388,Omicron BA.1,Community,1.2200919995486887,2021-09-21,16,Traveler weight,Travel hubs,0.01,Max,fig_3g,11,1.1174
2021-10-07,ZA,389,Omicron BA.1,Community,1.5977442186939381,2021-09-21,16,Traveler weight,Travel hubs,0.01,Max,fig_3g,11,1.1174
2021-10-02,ZA,39,Omicron BA.1,Community,1.3127476248430248,2021-09-21,11,Traveler weight,Travel hubs,0.01,Max,fig_3g,11,1.1174
2021-10-01,ZA,390,Omicron BA.1,Community,1.040846729757773,2021-09-21,10,Traveler weight,Travel hubs,0.01,Max,fig_3g,11,1.1174
2021-09-29,ZA,391,Omicron BA.1,Community,1.0027586590399808,2021-09-21,8,Traveler weight,Travel hubs,0.01,Max,fig_3g,11,1.1174
2021-10-05,ZA,392,Omicron BA.1,Community,1.0097471090731431,2021-09-21,14,Traveler weight,Travel hubs,0.01,Max,fig_3g,11,1.1174
2021-10-02,ZA,393,Omicron BA.1,Community,1.1528675524929637,2021-09-21,11,Traveler weight,Travel hubs,0.01,Max,fig_3g,11,1.1174
2021-09-29,ZA,394,Omicron BA.1,Community,1.0228366803686946,2021-09-21,8,Traveler weight,Travel hubs,0.01,Max,fig_3g,11,1.1174
2021-09-30,ZA,395,Omicron BA.1,Community,1.234530572329408,2021-09-21,9,Traveler weight,Travel hubs,0.01,Max,fig_3g,11,1.1174
2021-10-09,ZA,396,Omicron BA.1,Community,1.2131885264676647,2021-09-21,18,Traveler weight,Travel hubs,0.01,Max,fig_3g,11,1.1174
2021-10-07,ZA,397,Omicron BA.1,Community,1.1363133370307745,2021-09-21,16,Traveler weight,Travel hubs,0.01,Max,fig_3g,11,1.1174
2021-10-01,ZA,398,Omicron BA.1,Community,1.0145844719381099,2021-09-21,10,Traveler weight,Travel hubs,0.01,Max,fig_3g,11,1.1174
2021-09-30,ZA,399,Omicron BA.1,Community,1.028208207770958,2021-09-21,9,Traveler weight,Travel hubs,0.01,Max,fig_3g,11,1.1174
2021-10-05,ZA,4,Omicron BA.1,Community,1.0084133171574519,2021-09-21,14,Traveler weight,Travel hubs,0.01,Max,fig_3g,11,1.1174
2021-10-07,ZA,40,Omicron BA.1,Community,1.4585692922237923,2021-09-21,16,Traveler weight,Travel hubs,0.01,Max,fig_3g,11,1.1174
2021-10-07,ZA,400,Omicron BA.1,Community,1.0967877013593756,2021-09-21,16,Traveler weight,Travel hubs,0.01,Max,fig_3g,11,1.1174
2021-10-05,ZA,401,Omicron BA.1,Community,1.1006060132318436,2021-09-21,14,Traveler weight,Travel hubs,0.01,Max,fig_3g,11,1.1174
2021-10-01,ZA,402,Omicron BA.1,Community,1.0572181249912103,2021-09-21,10,Traveler weight,Travel hubs,0.01,Max,fig_3g,11,1.1174
2021-10-05,ZA,403,Omicron BA.1,Community,1.6158986530608928,2021-09-21,14,Traveler weight,Travel hubs,0.01,Max,fig_3g,11,1.1174
2021-09-30,ZA,404,Omicron BA.1,Community,1.025149293954811,2021-09-21,9,Traveler weight,Travel hubs,0.01,Max,fig_3g,11,1.1174
2021-10-01,ZA,405,Omicron BA.1,Community,1.144714421787682,2021-09-21,10,Traveler weight,Travel hubs,0.01,Max,fig_3g,11,1.1174
2021-09-30,ZA,406,Omicron BA.1,Community,1.0580923855687459,2021-09-21,9,Traveler weight,Travel hubs,0.01,Max,fig_3g,11,1.1174
2021-10-02,ZA,407,Omicron BA.1,Community,1.1339532189989623,2021-09-21,11,Traveler weight,Travel hubs,0.01,Max,fig_3g,11,1.1174
2021-10-14,ZA,408,Omicron BA.1,Community,1.1579669742409506,2021-09-21,23,Traveler weight,Travel hubs,0.01,Max,fig_3g,11,1.1174
2021-09-29,ZA,409,Omicron BA.1,Community,1.1863991522250419,2021-09-21,8,Traveler weight,Travel hubs,0.01,Max,fig_3g,11,1.1174
2021-09-27,ZA,41,Omicron BA.1,Community,1.0617743957646137,2021-09-21,6,Traveler weight,Travel hubs,0.01,Max,fig_3g,11,1.1174
2021-09-29,ZA,410,Omicron BA.1,Community,1.1226977360020927,2021-09-21,8,Traveler weight,Travel hubs,0.01,Max,fig_3g,11,1.1174
2021-09-26,ZA,411,Omicron BA.1,Community,1.0403435424495886,2021-09-21,5,Traveler weight,Travel hubs,0.01,Max,fig_3g,11,1.1174
2021-10-05,ZA,412,Omicron BA.1,Community,1.373389840982408,2021-09-21,14,Traveler weight,Travel hubs,0.01,Max,fig_3g,11,1.1174
2021-10-05,ZA,413,Omicron BA.1,Community,1.0983463296055214,2021-09-21,14,Traveler weight,Travel hubs,0.01,Max,fig_3g,11,1.1174
2021-10-01,ZA,414,Omicron BA.1,Community,1.088473495387574,2021-09-21,10,Traveler weight,Travel hubs,0.01,Max,fig_3g,11,1.1174
2021-10-01,ZA,415,Omicron BA.1,Community,1.3645167436937609,2021-09-21,10,Traveler weight,Travel hubs,0.01,Max,fig_3g,11,1.1174
2021-10-07,ZA,416,Omicron BA.1,Community,1.0375784337920795,2021-09-21,16,Traveler weight,Travel hubs,0.01,Max,fig_3g,11,1.1174
2021-10-01,ZA,417,Omicron BA.1,Community,1.1848396612964927,2021-09-21,10,Traveler weight,Travel hubs,0.01,Max,fig_3g,11,1.1174
2021-10-07,ZA,418,Omicron BA.1,Community,2.2475586071827354,2021-09-21,16,Traveler weight,Travel hubs,0.01,Max,fig_3g,11,1.1174
2021-10-03,ZA,419,Omicron BA.1,Community,1.1062164269482704,2021-09-21,12,Traveler weight,Travel hubs,0.01,Max,fig_3g,11,1.1174
2021-10-05,ZA,42,Omicron BA.1,Community,1.2263458876332143,2021-09-21,14,Traveler weight,Travel hubs,0.01,Max,fig_3g,11,1.1174
2021-09-29,ZA,420,Omicron BA.1,Community,1.0714764431019177,2021-09-21,8,Traveler weight,Travel hubs,0.01,Max,fig_3g,11,1.1174
2021-10-01,ZA,421,Omicron BA.1,Community,1.155980911169237,2021-09-21,10,Traveler weight,Travel hubs,0.01,Max,fig_3g,11,1.1174
2021-10-07,ZA,422,Omicron BA.1,Community,1.5630850888100545,2021-09-21,16,Traveler weight,Travel hubs,0.01,Max,fig_3g,11,1.1174
2021-09-29,ZA,423,Omicron BA.1,Community,1.0684189767364842,2021-09-21,8,Traveler weight,Travel hubs,0.01,Max,fig_3g,11,1.1174
2021-10-01,ZA,424,Omicron BA.1,Community,1.274280301141091,2021-09-21,10,Traveler weight,Travel hubs,0.01,Max,fig_3g,11,1.1174
2021-10-01,ZA,425,Omicron BA.1,Community,1.231478293213223,2021-09-21,10,Traveler weight,Travel hubs,0.01,Max,fig_3g,11,1.1174
2021-09-30,ZA,426,Omicron BA.1,Community,1.0546514369741378,2021-09-21,9,Traveler weight,Travel hubs,0.01,Max,fig_3g,11,1.1174
2021-10-07,ZA,427,Omicron BA.1,Community,1.0695793713536728,2021-09-21,16,Traveler weight,Travel hubs,0.01,Max,fig_3g,11,1.1174
2021-10-01,ZA,428,Omicron BA.1,Community,1.1966179623724695,2021-09-21,10,Traveler weight,Travel hubs,0.01,Max,fig_3g,11,1.1174
2021-10-05,ZA,429,Omicron BA.1,Community,1.0028747961238749,2021-09-21,14,Traveler weight,Travel hubs,0.01,Max,fig_3g,11,1.1174
2021-10-05,ZA,43,Omicron BA.1,Community,1.328016963415497,2021-09-21,14,Traveler weight,Travel hubs,0.01,Max,fig_3g,11,1.1174
2021-10-07,ZA,430,Omicron BA.1,Community,1.076367326276295,2021-09-21,16,Traveler weight,Travel hubs,0.01,Max,fig_3g,11,1.1174
2021-10-01,ZA,431,Omicron BA.1,Community,1.4312390144052374,2021-09-21,10,Traveler weight,Travel hubs,0.01,Max,fig_3g,11,1.1174
2021-10-01,ZA,432,Omicron BA.1,Community,1.0978769048273704,2021-09-21,10,Traveler weight,Travel hubs,0.01,Max,fig_3g,11,1.1174
2021-10-01,ZA,433,Omicron BA.1,Community,1.0461566055551483,2021-09-21,10,Traveler weight,Travel hubs,0.01,Max,fig_3g,11,1.1174
2021-09-27,ZA,434,Omicron BA.1,Community,1.0235092111846358,2021-09-21,6,Traveler weight,Travel hubs,0.01,Max,fig_3g,11,1.1174
2021-10-09,ZA,435,Omicron BA.1,Community,1.027088877416435,2021-09-21,18,Traveler weight,Travel hubs,0.01,Max,fig_3g,11,1.1174
2021-10-05,ZA,436,Omicron BA.1,Community,1.0135992569081074,2021-09-21,14,Traveler weight,Travel hubs,0.01,Max,fig_3g,11,1.1174
2021-10-06,ZA,437,Omicron BA.1,Community,1.034088522513664,2021-09-21,15,Traveler weight,Travel hubs,0.01,Max,fig_3g,11,1.1174
2021-10-03,ZA,438,Omicron BA.1,Community,1.008860002929581,2021-09-21,12,Traveler weight,Travel hubs,0.01,Max,fig_3g,11,1.1174
2021-09-27,ZA,439,Omicron BA.1,Community,1.121888378598108,2021-09-21,6,Traveler weight,Travel hubs,0.01,Max,fig_3g,11,1.1174
2021-10-02,ZA,44,Omicron BA.1,Community,1.0886421621921278,2021-09-21,11,Traveler weight,Travel hubs,0.01,Max,fig_3g,11,1.1174
2021-10-03,ZA,440,Omicron BA.1,Community,1.1453485526735792,2021-09-21,12,Traveler weight,Travel hubs,0.01,Max,fig_3g,11,1.1174
2021-10-05,ZA,441,Omicron BA.1,Community,1.0879399466541733,2021-09-21,14,Traveler weight,Travel hubs,0.01,Max,fig_3g,11,1.1174
2021-10-07,ZA,442,Omicron BA.1,Community,1.8179808458603632,2021-09-21,16,Traveler weight,Travel hubs,0.01,Max,fig_3g,11,1.1174
2021-09-30,ZA,443,Omicron BA.1,Community,1.0117483863991164,2021-09-21,9,Traveler weight,Travel hubs,0.01,Max,fig_3g,11,1.1174
2021-10-07,ZA,444,Omicron BA.1,Community,1.3856076492802016,2021-09-21,16,Traveler weight,Travel hubs,0.01,Max,fig_3g,11,1.1174
2021-10-05,ZA,445,Omicron BA.1,Community,1.277151813721878,2021-09-21,14,Traveler weight,Travel hubs,0.01,Max,fig_3g,11,1.1174
2021-10-01,ZA,446,Omicron BA.1,Community,1.1022164862576465,2021-09-21,10,Traveler weight,Travel hubs,0.01,Max,fig_3g,11,1.1174
2021-09-27,ZA,447,Omicron BA.1,Community,1.0031540250439606,2021-09-21,6,Traveler weight,Travel hubs,0.01,Max,fig_3g,11,1.1174
2021-10-01,ZA,448,Omicron BA.1,Community,1.2275332125771294,2021-09-21,10,Traveler weight,Travel hubs,0.01,Max,fig_3g,11,1.1174
2021-10-07,ZA,449,Omicron BA.1,Community,1.17641534585459,2021-09-21,16,Traveler weight,Travel hubs,0.01,Max,fig_3g,11,1.1174
2021-10-07,ZA,45,Omicron BA.1,Community,1.3618004676083966,2021-09-21,16,Traveler weight,Travel hubs,0.01,Max,fig_3g,11,1.1174
2021-10-07,ZA,450,Omicron BA.1,Community,1.3239588520133732,2021-09-21,16,Traveler weight,Travel hubs,0.01,Max,fig_3g,11,1.1174
2021-10-05,ZA,451,Omicron BA.1,Community,1.131119343845914,2021-09-21,14,Traveler weight,Travel hubs,0.01,Max,fig_3g,11,1.1174
2021-10-01,ZA,452,Omicron BA.1,Community,1.0461278530661233,2021-09-21,10,Traveler weight,Travel hubs,0.01,Max,fig_3g,11,1.1174
2021-10-07,ZA,453,Omicron BA.1,Community,1.0356075120734907,2021-09-21,16,Traveler weight,Travel hubs,0.01,Max,fig_3g,11,1.1174
2021-10-07,ZA,454,Omicron BA.1,Community,1.6052104858281975,2021-09-21,16,Traveler weight,Travel hubs,0.01,Max,fig_3g,11,1.1174
2021-10-05,ZA,455,Omicron BA.1,Community,1.0213060718676652,2021-09-21,14,Traveler weight,Travel hubs,0.01,Max,fig_3g,11,1.1174
2021-10-03,ZA,456,Omicron BA.1,Community,1.17936729051954,2021-09-21,12,Traveler weight,Travel hubs,0.01,Max,fig_3g,11,1.1174
2021-09-27,ZA,457,Omicron BA.1,Community,1.037096747142582,2021-09-21,6,Traveler weight,Travel hubs,0.01,Max,fig_3g,11,1.1174
2021-10-01,ZA,458,Omicron BA.1,Community,1.0757291131069513,2021-09-21,10,Traveler weight,Travel hubs,0.01,Max,fig_3g,11,1.1174
2021-09-26,ZA,459,Omicron BA.1,Community,1.119171471069348,2021-09-21,5,Traveler weight,Travel hubs,0.01,Max,fig_3g,11,1.1174
2021-10-01,ZA,46,Omicron BA.1,Community,1.003596773515393,2021-09-21,10,Traveler weight,Travel hubs,0.01,Max,fig_3g,11,1.1174
2021-09-30,ZA,460,Omicron BA.1,Community,1.001822643326189,2021-09-21,9,Traveler weight,Travel hubs,0.01,Max,fig_3g,11,1.1174
2021-10-07,ZA,461,Omicron BA.1,Community,1.609403347771172,2021-09-21,16,Traveler weight,Travel hubs,0.01,Max,fig_3g,11,1.1174
2021-10-07,ZA,462,Omicron BA.1,Community,1.0906045580338044,2021-09-21,16,Traveler weight,Travel hubs,0.01,Max,fig_3g,11,1.1174
2021-10-05,ZA,463,Omicron BA.1,Community,1.2678776030649346,2021-09-21,14,Traveler weight,Travel hubs,0.01,Max,fig_3g,11,1.1174
2021-10-05,ZA,464,Omicron BA.1,Community,1.0752940882488953,2021-09-21,14,Traveler weight,Travel hubs,0.01,Max,fig_3g,11,1.1174
2021-09-30,ZA,465,Omicron BA.1,Community,1.0357631677709744,2021-09-21,9,Traveler weight,Travel hubs,0.01,Max,fig_3g,11,1.1174
2021-10-05,ZA,466,Omicron BA.1,Community,1.2723941003672574,2021-09-21,14,Traveler weight,Travel hubs,0.01,Max,fig_3g,11,1.1174
2021-10-05,ZA,467,Omicron BA.1,Community,1.1656092995379528,2021-09-21,14,Traveler weight,Travel hubs,0.01,Max,fig_3g,11,1.1174
2021-10-07,ZA,468,Omicron BA.1,Community,1.3845845031423762,2021-09-21,16,Traveler weight,Travel hubs,0.01,Max,fig_3g,11,1.1174
2021-10-07,ZA,469,Omicron BA.1,Community,1.256110699201688,2021-09-21,16,Traveler weight,Travel hubs,0.01,Max,fig_3g,11,1.1174
2021-10-02,ZA,47,Omicron BA.1,Community,1.0076407379503252,2021-09-21,11,Traveler weight,Travel hubs,0.01,Max,fig_3g,11,1.1174
2021-10-07,ZA,470,Omicron BA.1,Community,1.3772755546506972,2021-09-21,16,Traveler weight,Travel hubs,0.01,Max,fig_3g,11,1.1174
2021-10-01,ZA,471,Omicron BA.1,Community,1.115957351724296,2021-09-21,10,Traveler weight,Travel hubs,0.01,Max,fig_3g,11,1.1174
2021-10-01,ZA,472,Omicron BA.1,Community,1.0276462939382613,2021-09-21,10,Traveler weight,Travel hubs,0.01,Max,fig_3g,11,1.1174
2021-09-29,ZA,473,Omicron BA.1,Community,1.0536791241944286,2021-09-21,8,Traveler weight,Travel hubs,0.01,Max,fig_3g,11,1.1174
2021-10-05,ZA,474,Omicron BA.1,Community,1.0406191567136456,2021-09-21,14,Traveler weight,Travel hubs,0.01,Max,fig_3g,11,1.1174
2021-09-26,ZA,475,Omicron BA.1,Community,1.0264005851239526,2021-09-21,5,Traveler weight,Travel hubs,0.01,Max,fig_3g,11,1.1174
2021-10-05,ZA,476,Omicron BA.1,Community,1.2415397592911084,2021-09-21,14,Traveler weight,Travel hubs,0.01,Max,fig_3g,11,1.1174
2021-10-07,ZA,477,Omicron BA.1,Community,1.150913125854154,2021-09-21,16,Traveler weight,Travel hubs,0.01,Max,fig_3g,11,1.1174
2021-10-06,ZA,478,Omicron BA.1,Community,1.021786617617624,2021-09-21,15,Traveler weight,Travel hubs,0.01,Max,fig_3g,11,1.1174
2021-09-29,ZA,479,Omicron BA.1,Community,1.032794672823594,2021-09-21,8,Traveler weight,Travel hubs,0.01,Max,fig_3g,11,1.1174
2021-10-05,ZA,48,Omicron BA.1,Community,1.2686326833959725,2021-09-21,14,Traveler weight,Travel hubs,0.01,Max,fig_3g,11,1.1174
2021-10-02,ZA,480,Omicron BA.1,Community,1.1531889070916725,2021-09-21,11,Traveler weight,Travel hubs,0.01,Max,fig_3g,11,1.1174
2021-10-07,ZA,481,Omicron BA.1,Community,1.224464300503306,2021-09-21,16,Traveler weight,Travel hubs,0.01,Max,fig_3g,11,1.1174
2021-09-29,ZA,482,Omicron BA.1,Community,1.0239330883885582,2021-09-21,8,Traveler weight,Travel hubs,0.01,Max,fig_3g,11,1.1174
2021-10-06,ZA,483,Omicron BA.1,Community,1.0142672130090506,2021-09-21,15,Traveler weight,Travel hubs,0.01,Max,fig_3g,11,1.1174
2021-10-01,ZA,484,Omicron BA.1,Community,1.1642382985237918,2021-09-21,10,Traveler weight,Travel hubs,0.01,Max,fig_3g,11,1.1174
2021-10-07,ZA,485,Omicron BA.1,Community,1.572056859570008,2021-09-21,16,Traveler weight,Travel hubs,0.01,Max,fig_3g,11,1.1174
2021-10-02,ZA,486,Omicron BA.1,Community,1.0678405216153737,2021-09-21,11,Traveler weight,Travel hubs,0.01,Max,fig_3g,11,1.1174
2021-10-01,ZA,487,Omicron BA.1,Community,1.0349305815040752,2021-09-21,10,Traveler weight,Travel hubs,0.01,Max,fig_3g,11,1.1174
2021-10-01,ZA,488,Omicron BA.1,Community,1.127286305991512,2021-09-21,10,Traveler weight,Travel hubs,0.01,Max,fig_3g,11,1.1174
2021-10-01,ZA,489,Omicron BA.1,Community,1.1956562307253316,2021-09-21,10,Traveler weight,Travel hubs,0.01,Max,fig_3g,11,1.1174
2021-10-08,ZA,49,Omicron BA.1,Community,1.1391305398987661,2021-09-21,17,Traveler weight,Travel hubs,0.01,Max,fig_3g,11,1.1174
2021-10-07,ZA,490,Omicron BA.1,Community,1.1285408365246363,2021-09-21,16,Traveler weight,Travel hubs,0.01,Max,fig_3g,11,1.1174
2021-10-01,ZA,491,Omicron BA.1,Community,1.0949169016925506,2021-09-21,10,Traveler weight,Travel hubs,0.01,Max,fig_3g,11,1.1174
2021-10-03,ZA,492,Omicron BA.1,Community,1.0450224497613274,2021-09-21,12,Traveler weight,Travel hubs,0.01,Max,fig_3g,11,1.1174
2021-10-06,ZA,493,Omicron BA.1,Community,1.044330223173605,2021-09-21,15,Traveler weight,Travel hubs,0.01,Max,fig_3g,11,1.1174
2021-10-05,ZA,494,Omicron BA.1,Community,1.1177597647194086,2021-09-21,14,Traveler weight,Travel hubs,0.01,Max,fig_3g,11,1.1174
2021-09-30,ZA,495,Omicron BA.1,Community,1.125628363320784,2021-09-21,9,Traveler weight,Travel hubs,0.01,Max,fig_3g,11,1.1174
2021-10-05,ZA,496,Omicron BA.1,Community,1.1229435294025814,2021-09-21,14,Traveler weight,Travel hubs,0.01,Max,fig_3g,11,1.1174
2021-10-07,ZA,497,Omicron BA.1,Community,1.1329269613908595,2021-09-21,16,Traveler weight,Travel hubs,0.01,Max,fig_3g,11,1.1174
2021-09-30,ZA,498,Omicron BA.1,Community,1.0381088718866127,2021-09-21,9,Traveler weight,Travel hubs,0.01,Max,fig_3g,11,1.1174
2021-09-30,ZA,499,Omicron BA.1,Community,1.0199454506250263,2021-09-21,9,Traveler weight,Travel hubs,0.01,Max,fig_3g,11,1.1174
2021-10-07,ZA,5,Omicron BA.1,Community,1.2462471293026836,2021-09-21,16,Traveler weight,Travel hubs,0.01,Max,fig_3g,11,1.1174
2021-10-05,ZA,50,Omicron BA.1,Community,1.1451231245485938,2021-09-21,14,Traveler weight,Travel hubs,0.01,Max,fig_3g,11,1.1174
2021-10-02,ZA,500,Omicron BA.1,Community,1.0293003744651763,2021-09-21,11,Traveler weight,Travel hubs,0.01,Max,fig_3g,11,1.1174
2021-09-30,ZA,501,Omicron BA.1,Community,1.1687937141674734,2021-09-21,9,Traveler weight,Travel hubs,0.01,Max,fig_3g,11,1.1174
2021-10-07,ZA,502,Omicron BA.1,Community,1.0783968261765773,2021-09-21,16,Traveler weight,Travel hubs,0.01,Max,fig_3g,11,1.1174
2021-10-01,ZA,503,Omicron BA.1,Community,1.2985387165736106,2021-09-21,10,Traveler weight,Travel hubs,0.01,Max,fig_3g,11,1.1174
2021-10-07,ZA,504,Omicron BA.1,Community,1.1175547732358964,2021-09-21,16,Traveler weight,Travel hubs,0.01,Max,fig_3g,11,1.1174
2021-09-30,ZA,505,Omicron BA.1,Community,1.037959356834277,2021-09-21,9,Traveler weight,Travel hubs,0.01,Max,fig_3g,11,1.1174
2021-10-06,ZA,506,Omicron BA.1,Community,1.0786556227548898,2021-09-21,15,Traveler weight,Travel hubs,0.01,Max,fig_3g,11,1.1174
2021-10-03,ZA,507,Omicron BA.1,Community,1.0225512332012094,2021-09-21,12,Traveler weight,Travel hubs,0.01,Max,fig_3g,11,1.1174
2021-10-05,ZA,508,Omicron BA.1,Community,1.2145094470442874,2021-09-21,14,Traveler weight,Travel hubs,0.01,Max,fig_3g,11,1.1174
2021-09-29,ZA,509,Omicron BA.1,Community,1.0434526199425371,2021-09-21,8,Traveler weight,Travel hubs,0.01,Max,fig_3g,11,1.1174
2021-10-07,ZA,51,Omicron BA.1,Community,2.0847982821181863,2021-09-21,16,Traveler weight,Travel hubs,0.01,Max,fig_3g,11,1.1174
2021-10-07,ZA,510,Omicron BA.1,Community,2.1050500688147955,2021-09-21,16,Traveler weight,Travel hubs,0.01,Max,fig_3g,11,1.1174
2021-10-08,ZA,511,Omicron BA.1,Community,1.0202693273037684,2021-09-21,17,Traveler weight,Travel hubs,0.01,Max,fig_3g,11,1.1174
2021-10-07,ZA,512,Omicron BA.1,Community,1.8336972934089164,2021-09-21,16,Traveler weight,Travel hubs,0.01,Max,fig_3g,11,1.1174
2021-10-05,ZA,52,Omicron BA.1,Community,1.22723457105387,2021-09-21,14,Traveler weight,Travel hubs,0.01,Max,fig_3g,11,1.1174
2021-09-30,ZA,53,Omicron BA.1,Community,1.129424961762594,2021-09-21,9,Traveler weight,Travel hubs,0.01,Max,fig_3g,11,1.1174
2021-10-05,ZA,54,Omicron BA.1,Community,1.0659581273705505,2021-09-21,14,Traveler weight,Travel hubs,0.01,Max,fig_3g,11,1.1174
2021-10-02,ZA,55,Omicron BA.1,Community,1.0255087259776405,2021-09-21,11,Traveler weight,Travel hubs,0.01,Max,fig_3g,11,1.1174
2021-10-07,ZA,56,Omicron BA.1,Community,1.2583253009158086,2021-09-21,16,Traveler weight,Travel hubs,0.01,Max,fig_3g,11,1.1174
2021-09-26,ZA,57,Omicron BA.1,Community,1.1647894144583748,2021-09-21,5,Traveler weight,Travel hubs,0.01,Max,fig_3g,11,1.1174
2021-10-01,ZA,58,Omicron BA.1,Community,1.0568090750276435,2021-09-21,10,Traveler weight,Travel hubs,0.01,Max,fig_3g,11,1.1174
2021-10-01,ZA,59,Omicron BA.1,Community,1.449709860093498,2021-09-21,10,Traveler weight,Travel hubs,0.01,Max,fig_3g,11,1.1174
2021-10-01,ZA,6,Omicron BA.1,Community,1.1414864144075243,2021-09-21,10,Traveler weight,Travel hubs,0.01,Max,fig_3g,11,1.1174
2021-10-07,ZA,60,Omicron BA.1,Community,1.5138395104876807,2021-09-21,16,Traveler weight,Travel hubs,0.01,Max,fig_3g,11,1.1174
2021-10-01,ZA,61,Omicron BA.1,Community,1.0671235000439252,2021-09-21,10,Traveler weight,Travel hubs,0.01,Max,fig_3g,11,1.1174
2021-10-08,ZA,62,Omicron BA.1,Community,1.0219892669313981,2021-09-21,17,Traveler weight,Travel hubs,0.01,Max,fig_3g,11,1.1174
2021-10-01,ZA,63,Omicron BA.1,Community,1.1018378817775079,2021-09-21,10,Traveler weight,Travel hubs,0.01,Max,fig_3g,11,1.1174
2021-10-03,ZA,64,Omicron BA.1,Community,1.0442434156965137,2021-09-21,12,Traveler weight,Travel hubs,0.01,Max,fig_3g,11,1.1174
2021-10-07,ZA,65,Omicron BA.1,Community,1.5082910032576966,2021-09-21,16,Traveler weight,Travel hubs,0.01,Max,fig_3g,11,1.1174
2021-10-01,ZA,66,Omicron BA.1,Community,1.2363687559979943,2021-09-21,10,Traveler weight,Travel hubs,0.01,Max,fig_3g,11,1.1174
2021-10-07,ZA,67,Omicron BA.1,Community,1.2756676093431787,2021-09-21,16,Traveler weight,Travel hubs,0.01,Max,fig_3g,11,1.1174
2021-10-07,ZA,68,Omicron BA.1,Community,1.6208069442040085,2021-09-21,16,Traveler weight,Travel hubs,0.01,Max,fig_3g,11,1.1174
2021-10-01,ZA,69,Omicron BA.1,Community,1.0422596006982188,2021-09-21,10,Traveler weight,Travel hubs,0.01,Max,fig_3g,11,1.1174
2021-10-01,ZA,7,Omicron BA.1,Community,1.0480940927113895,2021-09-21,10,Traveler weight,Travel hubs,0.01,Max,fig_3g,11,1.1174
2021-10-01,ZA,70,Omicron BA.1,Community,1.1514707036117213,2021-09-21,10,Traveler weight,Travel hubs,0.01,Max,fig_3g,11,1.1174
2021-10-01,ZA,71,Omicron BA.1,Community,1.06239870022873,2021-09-21,10,Traveler weight,Travel hubs,0.01,Max,fig_3g,11,1.1174
2021-10-03,ZA,72,Omicron BA.1,Community,1.0294230017731498,2021-09-21,12,Traveler weight,Travel hubs,0.01,Max,fig_3g,11,1.1174
2021-10-07,ZA,73,Omicron BA.1,Community,1.661932804656637,2021-09-21,16,Traveler weight,Travel hubs,0.01,Max,fig_3g,11,1.1174
2021-10-05,ZA,74,Omicron BA.1,Community,1.2175662217416559,2021-09-21,14,Traveler weight,Travel hubs,0.01,Max,fig_3g,11,1.1174
2021-10-07,ZA,75,Omicron BA.1,Community,2.022582453793297,2021-09-21,16,Traveler weight,Travel hubs,0.01,Max,fig_3g,11,1.1174
2021-10-07,ZA,76,Omicron BA.1,Community,1.243150148432863,2021-09-21,16,Traveler weight,Travel hubs,0.01,Max,fig_3g,11,1.1174
2021-10-07,ZA,77,Omicron BA.1,Community,1.1767978395034833,2021-09-21,16,Traveler weight,Travel hubs,0.01,Max,fig_3g,11,1.1174
2021-10-05,ZA,78,Omicron BA.1,Community,1.0892370687226471,2021-09-21,14,Traveler weight,Travel hubs,0.01,Max,fig_3g,11,1.1174
2021-10-05,ZA,79,Omicron BA.1,Community,1.1456048836204116,2021-09-21,14,Traveler weight,Travel hubs,0.01,Max,fig_3g,11,1.1174
2021-09-29,ZA,8,Omicron BA.1,Community,1.0418212488690664,2021-09-21,8,Traveler weight,Travel hubs,0.01,Max,fig_3g,11,1.1174
2021-10-01,ZA,80,Omicron BA.1,Community,1.1697814409548564,2021-09-21,10,Traveler weight,Travel hubs,0.01,Max,fig_3g,11,1.1174
2021-10-07,ZA,81,Omicron BA.1,Community,1.5852717712058209,2021-09-21,16,Traveler weight,Travel hubs,0.01,Max,fig_3g,11,1.1174
2021-10-07,ZA,82,Omicron BA.1,Community,1.066533893242891,2021-09-21,16,Traveler weight,Travel hubs,0.01,Max,fig_3g,11,1.1174
2021-10-05,ZA,83,Omicron BA.1,Community,1.1094075865055124,2021-09-21,14,Traveler weight,Travel hubs,0.01,Max,fig_3g,11,1.1174
2021-09-30,ZA,84,Omicron BA.1,Community,1.3532492950593504,2021-09-21,9,Traveler weight,Travel hubs,0.01,Max,fig_3g,11,1.1174
2021-10-01,ZA,85,Omicron BA.1,Community,1.2102235511582873,2021-09-21,10,Traveler weight,Travel hubs,0.01,Max,fig_3g,11,1.1174
2021-10-07,ZA,86,Omicron BA.1,Community,1.102673315734785,2021-09-21,16,Traveler weight,Travel hubs,0.01,Max,fig_3g,11,1.1174
2021-10-05,ZA,87,Omicron BA.1,Community,1.1016354556395835,2021-09-21,14,Traveler weight,Travel hubs,0.01,Max,fig_3g,11,1.1174
2021-10-05,ZA,88,Omicron BA.1,Community,1.2165889618574128,2021-09-21,14,Traveler weight,Travel hubs,0.01,Max,fig_3g,11,1.1174
2021-10-05,ZA,89,Omicron BA.1,Community,1.0290939664825391,2021-09-21,14,Traveler weight,Travel hubs,0.01,Max,fig_3g,11,1.1174
2021-10-07,ZA,9,Omicron BA.1,Community,1.1003382281668954,2021-09-21,16,Traveler weight,Travel hubs,0.01,Max,fig_3g,11,1.1174
2021-10-05,ZA,90,Omicron BA.1,Community,1.0856071346221146,2021-09-21,14,Traveler weight,Travel hubs,0.01,Max,fig_3g,11,1.1174
2021-10-07,ZA,91,Omicron BA.1,Community,1.5457875554400666,2021-09-21,16,Traveler weight,Travel hubs,0.01,Max,fig_3g,11,1.1174
2021-10-05,ZA,92,Omicron BA.1,Community,1.1353789464748172,2021-09-21,14,Traveler weight,Travel hubs,0.01,Max,fig_3g,11,1.1174
2021-10-07,ZA,93,Omicron BA.1,Community,1.2201916044255214,2021-09-21,16,Traveler weight,Travel hubs,0.01,Max,fig_3g,11,1.1174
2021-10-01,ZA,94,Omicron BA.1,Community,1.035382199162746,2021-09-21,10,Traveler weight,Travel hubs,0.01,Max,fig_3g,11,1.1174
2021-10-01,ZA,95,Omicron BA.1,Community,1.1744820230010187,2021-09-21,10,Traveler weight,Travel hubs,0.01,Max,fig_3g,11,1.1174
2021-10-07,ZA,96,Omicron BA.1,Community,1.8934893171279372,2021-09-21,16,Traveler weight,Travel hubs,0.01,Max,fig_3g,11,1.1174
2021-10-07,ZA,97,Omicron BA.1,Community,1.27356611504956,2021-09-21,16,Traveler weight,Travel hubs,0.01,Max,fig_3g,11,1.1174
2021-10-05,ZA,98,Omicron BA.1,Community,1.2025557656798453,2021-09-21,14,Traveler weight,Travel hubs,0.01,Max,fig_3g,11,1.1174
2021-10-01,ZA,99,Omicron BA.1,Community,1.1404376018139568,2021-09-21,10,Traveler weight,Travel hubs,0.01,Max,fig_3g,11,1.1174
